cluster_id_1,cluster_id_2,distance_meters
0.0,1.0,373.26901238570736
0.0,2.0,525.7237649719524
0.0,3.0,1773.017534922537
0.0,4.0,704.5266866816471
0.0,5.0,1317.288017159622
0.0,6.0,1560.6962100290611
0.0,7.0,1978.508668721958
0.0,8.0,1448.9406502567224
0.0,9.0,158.90073038618348
0.0,10.0,796.1112895680068
0.0,11.0,915.078029109786
0.0,12.0,966.4443326525147
0.0,13.0,156.6623946766151
0.0,14.0,263.8302343535748
0.0,15.0,1642.0271396784776
0.0,16.0,768.3516541502739
0.0,17.0,367.442327107662
0.0,18.0,1960.2320216703174
0.0,19.0,1870.384280752602
0.0,20.0,441.98886939137753
0.0,21.0,983.7548965279175
0.0,22.0,992.1549896137411
0.0,23.0,865.8746773484386
0.0,24.0,1222.0523713545394
0.0,25.0,568.46054195498
0.0,26.0,1225.1602537769154
0.0,27.0,884.1421018555442
0.0,28.0,1801.3784534945023
0.0,29.0,2901.6572591764207
0.0,30.0,867.8982405789634
0.0,31.0,2956.392578821658
0.0,32.0,3160.64542146736
0.0,33.0,559.651074461603
0.0,34.0,944.8260603750442
0.0,35.0,680.598923372799
0.0,36.0,256.87472170290073
0.0,37.0,697.9116689726777
0.0,38.0,568.0173835777133
0.0,39.0,2162.323164680559
0.0,40.0,763.9004352929423
0.0,41.0,330.4078449674395
0.0,42.0,412.817537014693
0.0,43.0,692.6220960172902
0.0,44.0,456.99486514900985
0.0,45.0,525.5509781161568
0.0,46.0,2752.2733897888784
0.0,47.0,562.1542197064706
0.0,48.0,1538.1137272509022
0.0,49.0,520.4285402464319
0.0,50.0,1121.2388386796297
0.0,51.0,1409.8857825230407
1.0,2.0,325.00747901575056
1.0,3.0,1416.3770946623854
1.0,4.0,566.3667060884926
1.0,5.0,987.0054373696976
1.0,6.0,1203.654086232153
1.0,7.0,1609.6788850011894
1.0,8.0,1117.2924541749235
1.0,9.0,215.07006307092286
1.0,10.0,422.96538843118
1.0,11.0,560.3911342813793
1.0,12.0,644.851941072716
1.0,13.0,339.4765548667317
1.0,14.0,164.61326658241165
1.0,15.0,1281.1448402878548
1.0,16.0,487.7250658227006
1.0,17.0,611.3771451817418
1.0,18.0,1599.5171041491924
1.0,19.0,1653.7666362960088
1.0,20.0,403.7828607061295
1.0,21.0,610.525137351837
1.0,22.0,632.1136267532776
1.0,23.0,627.2007287298436
1.0,24.0,868.6346863724411
1.0,25.0,512.1585069177002
1.0,26.0,858.4513671025877
1.0,27.0,690.115958008736
1.0,28.0,1451.5461203120233
1.0,29.0,2528.5184028676326
1.0,30.0,509.5208087251007
1.0,31.0,2766.1070587139443
1.0,32.0,2964.839241189139
1.0,33.0,348.7970127283733
1.0,34.0,667.3263461663818
1.0,35.0,353.5451488383535
1.0,36.0,282.27668202121197
1.0,37.0,486.69163693379215
1.0,38.0,810.396115022124
1.0,39.0,1795.6297964348162
1.0,40.0,627.0630905859542
1.0,41.0,440.46108745079687
1.0,42.0,171.1960755860252
1.0,43.0,770.9318047181482
1.0,44.0,176.43674324263688
1.0,45.0,157.5681749489625
1.0,46.0,2416.3590769583793
1.0,47.0,225.78724151590868
1.0,48.0,1168.721663769935
1.0,49.0,639.0457052184447
1.0,50.0,807.199541915321
1.0,51.0,1036.6239265210245
2.0,3.0,1516.7303007428152
2.0,4.0,886.5739710937714
2.0,5.0,1162.3691601855203
2.0,6.0,1310.0581995525115
2.0,7.0,1655.2959473759074
2.0,8.0,1284.2014452950036
2.0,9.0,421.0257811259158
2.0,10.0,489.22079049660294
2.0,11.0,720.9035440484562
2.0,12.0,471.4822031238866
2.0,13.0,393.6789075505273
2.0,14.0,279.8306045851565
2.0,15.0,1372.0081501502982
2.0,16.0,757.841393508606
2.0,17.0,548.9348901918656
2.0,18.0,1681.779721678937
2.0,19.0,1920.914131501477
2.0,20.0,723.906242025847
2.0,21.0,647.8695427963034
2.0,22.0,566.1630575005428
2.0,23.0,912.5475631411229
2.0,24.0,1002.9235601728326
2.0,25.0,836.5786905170058
2.0,26.0,805.483019381164
2.0,27.0,376.96846950784135
2.0,28.0,1569.4551025937221
2.0,29.0,2516.4145798488844
2.0,30.0,453.64844811852174
2.0,31.0,3038.5973230679406
2.0,32.0,3233.2453568965934
2.0,33.0,664.5647664603042
2.0,34.0,422.1097672317331
2.0,35.0,241.65004428279377
2.0,36.0,572.4103397995021
2.0,37.0,176.8235916119194
2.0,38.0,700.3969664835333
2.0,39.0,1849.122740661974
2.0,40.0,302.2002916398713
2.0,41.0,729.8049120980555
2.0,42.0,156.22169532686394
2.0,43.0,531.6877778050448
2.0,44.0,491.1369298037449
2.0,45.0,294.7905840622305
2.0,46.0,2547.302625282847
2.0,47.0,213.26704255358655
2.0,48.0,1224.211494368042
2.0,49.0,458.0385712996138
2.0,50.0,1016.9532477323551
2.0,51.0,1043.1308377979456
3.0,4.0,1292.089141321469
3.0,5.0,508.0219963489686
3.0,6.0,212.73769208938842
3.0,7.0,315.15747382666075
3.0,8.0,400.50734167448365
3.0,9.0,1617.438210049568
3.0,10.0,1033.7455183493444
3.0,11.0,858.3686112102633
3.0,12.0,1198.7085591667774
3.0,13.0,1754.5715601427196
3.0,14.0,1573.1500624027767
3.0,15.0,147.15155791471994
3.0,16.0,1053.955862551153
3.0,17.0,2013.547082812298
3.0,18.0,196.73732274903745
3.0,19.0,1082.457553429845
3.0,20.0,1483.1020750323248
3.0,21.0,870.1024040702652
3.0,22.0,1002.4992549619858
3.0,23.0,1050.0292584719418
3.0,24.0,551.0743390297366
3.0,25.0,1442.5547093820182
3.0,26.0,827.1114219605151
3.0,27.0,1580.5310619373909
3.0,28.0,96.06183372383038
3.0,29.0,1254.5923807680952
3.0,30.0,1081.6416615897974
3.0,31.0,1989.9286690177603
3.0,32.0,2136.8446494051327
3.0,33.0,1273.2939958959935
3.0,34.0,1355.8664076818052
3.0,35.0,1279.0554280093543
3.0,36.0,1566.0451623494778
3.0,37.0,1509.6725513771457
3.0,38.0,2197.804830945084
3.0,39.0,432.0166090906034
3.0,40.0,1673.131156318597
3.0,41.0,1643.721195989255
3.0,42.0,1479.5560274791833
3.0,43.0,2038.8303685852302
3.0,44.0,1319.8394796195682
3.0,45.0,1294.0086406816768
3.0,46.0,1036.459103544018
3.0,47.0,1321.9115343739702
3.0,48.0,330.8256142412869
3.0,49.0,1973.002099719132
3.0,50.0,713.7887502028597
3.0,51.0,561.9672319864255
4.0,5.0,785.0242217629776
4.0,6.0,1099.3213664414866
4.0,7.0,1564.6477830555518
4.0,8.0,905.0275549332215
4.0,9.0,612.464809218631
4.0,10.0,689.5144298549585
4.0,11.0,577.8108718805561
4.0,12.0,1065.989586989801
4.0,13.0,791.6695666898848
4.0,14.0,689.1124274178134
4.0,15.0,1193.742136393118
4.0,16.0,290.9793231589567
4.0,17.0,1063.1197478530455
4.0,18.0,1488.8125181540277
4.0,19.0,1167.9616357415769
4.0,20.0,267.817675427146
4.0,21.0,804.3032202202415
4.0,22.0,947.4906234110646
4.0,23.0,242.29647872323946
4.0,24.0,789.7997147634112
4.0,25.0,166.12497753439953
4.0,26.0,1091.9398138003894
4.0,27.0,1229.902093217151
4.0,28.0,1289.1396439358664
4.0,29.0,2527.439793899994
4.0,30.0,862.2649041684042
4.0,31.0,2253.1046396549705
4.0,32.0,2456.7949993159546
4.0,33.0,223.59441077539663
4.0,34.0,1148.000909733508
4.0,35.0,825.9416191909789
4.0,36.0,448.7106620648268
4.0,37.0,1032.6042304402981
4.0,38.0,1268.2801303500607
4.0,39.0,1720.1282997652813
4.0,40.0,1187.7746574259916
4.0,41.0,424.58439701457775
4.0,42.0,736.9085158037592
4.0,43.0,1314.8841280481272
4.0,44.0,395.51215800159457
4.0,45.0,620.6127091320391
4.0,46.0,2164.1077988059988
4.0,47.0,724.6728261681819
4.0,48.0,1165.0064438798634
4.0,49.0,1162.9715903158992
4.0,50.0,578.4452565970054
4.0,51.0,1141.5431502489603
5.0,6.0,329.4795404525663
5.0,7.0,795.3862960539328
5.0,8.0,131.6526696438681
5.0,9.0,1168.836860569971
5.0,10.0,681.7539059186113
5.0,11.0,442.54834574333654
5.0,12.0,982.9704531376651
5.0,13.0,1324.2369142360653
5.0,14.0,1150.9556240370473
5.0,15.0,424.6534860600708
5.0,16.0,563.5322675701775
5.0,17.0,1598.2339895731197
5.0,18.0,704.4988041819378
5.0,19.0,897.2456809805661
5.0,20.0,987.9745722749828
5.0,21.0,584.8706868807691
5.0,22.0,775.0816883795566
5.0,23.0,542.741588771792
5.0,24.0,200.9469073611188
5.0,25.0,938.3967003543984
5.0,26.0,721.0198998890854
5.0,27.0,1331.111190305656
5.0,28.0,506.00773359127294
5.0,29.0,1755.520807110817
5.0,30.0,799.7912535408822
5.0,31.0,1976.023942693916
5.0,32.0,2154.528035321354
5.0,33.0,785.6983094490029
5.0,34.0,1134.821666154751
5.0,35.0,949.541445526916
5.0,36.0,1090.7290387606129
5.0,37.0,1206.0886995406086
5.0,38.0,1794.921676413007
5.0,39.0,938.6524419657189
5.0,40.0,1383.4497484946296
5.0,41.0,1151.9368666363282
5.0,42.0,1086.6742486490248
5.0,43.0,1693.522360393525
5.0,44.0,860.7349131169324
5.0,45.0,894.334258827164
5.0,46.0,1435.04451179508
5.0,47.0,950.8072995477012
5.0,48.0,464.65010021494265
5.0,49.0,1597.379123844751
5.0,50.0,209.05218728613679
5.0,51.0,574.5297077814404
6.0,7.0,467.69115523912427
6.0,8.0,258.21894096077574
6.0,9.0,1404.8927277985915
6.0,10.0,824.4194433638783
6.0,11.0,645.8140495390909
6.0,12.0,1014.8936293745303
6.0,13.0,1541.9394057720767
6.0,14.0,1360.6554576880915
6.0,15.0,95.52478669798185
6.0,16.0,849.9339315703578
6.0,17.0,1801.7388549203947
6.0,18.0,401.8158494251483
6.0,19.0,1070.2885475363234
6.0,20.0,1278.9921550120916
6.0,21.0,666.5509392667129
6.0,22.0,812.3098425881515
6.0,23.0,859.0882190604589
6.0,24.0,339.3152784071536
6.0,25.0,1244.764355618877
6.0,26.0,661.8990174722363
6.0,27.0,1393.3989153253847
6.0,28.0,260.44363182864214
6.0,29.0,1430.1460213155797
6.0,30.0,882.4465210483534
6.0,31.0,2061.4203061331386
6.0,32.0,2221.5596381957944
6.0,33.0,1067.0653877956918
6.0,34.0,1173.0384949638026
6.0,35.0,1074.4404588578984
6.0,36.0,1356.0704376495214
6.0,37.0,1310.949170059469
6.0,38.0,1987.1342248676365
6.0,39.0,622.8090994839572
6.0,40.0,1478.0937622988927
6.0,41.0,1437.8009050727
6.0,42.0,1268.6276724434458
6.0,43.0,1835.273807307492
6.0,44.0,1108.2991477611515
6.0,45.0,1082.1719012275591
6.0,46.0,1237.8024497663496
6.0,47.0,1112.4416479281283
6.0,48.0,207.4287107268817
6.0,49.0,1764.959144033909
6.0,50.0,522.9881181020631
6.0,51.0,418.73100605086074
7.0,8.0,703.768315257131
7.0,9.0,1820.0052034087228
7.0,10.0,1198.8438241523236
7.0,11.0,1073.0083236111275
7.0,12.0,1270.980240707882
7.0,13.0,1939.5773289278518
7.0,14.0,1756.4773320808715
7.0,15.0,372.25552419699244
7.0,16.0,1306.2123184106335
7.0,17.0,2181.6070540481896
7.0,18.0,188.36049662631189
7.0,19.0,1375.1951282693567
7.0,20.0,1732.543003764699
7.0,21.0,1016.6451621049628
7.0,22.0,1100.9694605602417
7.0,23.0,1325.6172267835814
7.0,24.0,785.0488670774837
7.0,25.0,1706.4086888478073
7.0,26.0,882.1894389649625
7.0,27.0,1649.2190125318748
7.0,28.0,381.18483412343755
7.0,29.0,962.9915590400756
7.0,30.0,1202.8563166850315
7.0,31.0,2204.4260995828986
7.0,32.0,2334.2146668330097
7.0,33.0,1517.6670646264215
7.0,34.0,1419.5899388862795
7.0,35.0,1413.6671399444533
7.0,36.0,1792.9016036531298
7.0,37.0,1615.8891171690527
7.0,38.0,2352.9574189300533
7.0,39.0,195.34944250149366
7.0,40.0,1763.4025144033164
7.0,41.0,1887.0042156821446
7.0,42.0,1645.218335788896
7.0,43.0,2155.018784997393
7.0,44.0,1538.3341058412814
7.0,45.0,1471.768677663017
7.0,46.0,1013.6489396487378
7.0,47.0,1480.007166689283
7.0,48.0,441.02537651928975
7.0,49.0,2112.2253950932304
7.0,50.0,990.3066119571195
7.0,51.0,617.595437296552
8.0,9.0,1300.3618568666475
8.0,10.0,799.1156808366717
8.0,11.0,567.855235567759
8.0,12.0,1077.0606762634152
8.0,13.0,1455.0374828339295
8.0,14.0,1280.9578924861953
8.0,15.0,345.8006347224447
8.0,16.0,693.6005100658722
8.0,17.0,1728.2503146920983
8.0,18.0,593.7826335205643
8.0,19.0,852.5270858130017
8.0,20.0,1115.7649921339703
8.0,21.0,685.720972524028
8.0,22.0,867.7840315931511
8.0,23.0,663.2377563587054
8.0,24.0,293.0568560488142
8.0,25.0,1061.6634760236254
8.0,26.0,782.5805532770261
8.0,27.0,1435.757364002932
8.0,28.0,384.7675422119024
8.0,29.0,1654.9671069446165
8.0,30.0,904.9675486368048
8.0,31.0,1900.651224894372
8.0,32.0,2073.313834238453
8.0,33.0,915.6964894571214
8.0,34.0,1232.0319727375395
8.0,35.0,1065.8823360518754
8.0,36.0,1221.7916653798595
8.0,37.0,1319.839873668765
8.0,38.0,1924.1022783505177
8.0,39.0,832.1540978057542
8.0,40.0,1495.826893357552
8.0,41.0,1280.4212481433078
8.0,42.0,1213.482706624142
8.0,43.0,1815.8559748478406
8.0,44.0,992.3655426938358
8.0,45.0,1021.2105547849668
8.0,46.0,1303.4058536682844
8.0,47.0,1074.0046254980798
8.0,48.0,437.8373218664604
8.0,49.0,1723.4338428022656
8.0,50.0,336.44649349175836
8.0,51.0,595.8604543918468
9.0,10.0,638.0138272441883
9.0,11.0,759.0816411841116
9.0,12.0,830.1085600400369
9.0,13.0,179.91532753251337
9.0,14.0,141.2048246331045
9.0,15.0,1485.2666639586114
9.0,16.0,630.7350873691844
9.0,17.0,458.51873991788847
9.0,18.0,1803.6235710404378
9.0,19.0,1762.943352682343
9.0,20.0,373.06145358005045
9.0,21.0,825.5019396081584
9.0,22.0,840.7505966914191
9.0,23.0,742.9186892813299
9.0,24.0,1066.8936660413854
9.0,25.0,502.0485263409601
9.0,26.0,1070.9780376488225
9.0,27.0,795.5407873998059
9.0,28.0,1647.7523511490622
9.0,29.0,2742.939366717771
9.0,30.0,716.8853444655864
9.0,31.0,2861.5319512294786
9.0,32.0,3063.9115459481645
9.0,33.0,436.14793814628786
9.0,34.0,825.0421547796125
9.0,35.0,539.3969077149659
9.0,36.0,183.01321447013353
9.0,37.0,597.8427846342225
9.0,38.0,664.8444563651836
9.0,39.0,2004.2757149596907
9.0,40.0,694.926404272249
9.0,41.0,322.46658613166926
9.0,42.0,283.66002016631563
9.0,43.0,714.2414735407502
9.0,44.0,309.2731312894038
9.0,45.0,369.6461392785447
9.0,46.0,2603.5400686479747
9.0,47.0,415.8968435503361
9.0,48.0,1379.4743152271394
9.0,49.0,554.1790855229358
9.0,50.0,977.0037496112649
9.0,51.0,1251.5101665614343
10.0,11.0,254.38413372419615
10.0,12.0,392.2394751642205
10.0,13.0,741.8845809847118
10.0,14.0,559.1235827469582
10.0,15.0,891.3035793900115
10.0,16.0,432.6335211377451
10.0,17.0,985.2140043361645
10.0,18.0,1206.0659990908339
10.0,19.0,1499.8868860023936
10.0,20.0,688.7521462086469
10.0,21.0,187.75462310797118
10.0,22.0,260.34862653242675
10.0,23.0,585.7248576888197
10.0,24.0,514.1319189652959
10.0,25.0,738.2605043962757
10.0,26.0,450.1654715012213
10.0,27.0,669.008964725529
10.0,28.0,1082.4860376618328
10.0,29.0,2106.5774431868
10.0,30.0,178.2061557457095
10.0,31.0,2613.0669318933074
10.0,32.0,2801.119729981169
10.0,33.0,501.6047998807841
10.0,34.0,509.66223165038747
10.0,35.0,267.8358931376326
10.0,36.0,661.5549879104159
10.0,37.0,525.7264896553284
10.0,38.0,1164.7875547492408
10.0,39.0,1388.6597782690264
10.0,40.0,704.1088543129795
10.0,41.0,797.723998645557
10.0,42.0,448.4303243042005
10.0,43.0,1019.8956538455832
10.0,44.0,414.23641043026413
10.0,45.0,274.61339906028684
10.0,46.0,2059.8099570785675
10.0,47.0,288.16796348632636
10.0,48.0,758.9678964684654
10.0,49.0,940.9028506802631
10.0,50.0,563.6344935926998
10.0,51.0,613.9388908879259
11.0,12.0,620.2995508260702
11.0,13.0,899.801447277498
11.0,14.0,720.8659604213179
11.0,15.0,727.2835097497126
11.0,16.0,286.888990660504
11.0,17.0,1166.6892273409262
11.0,18.0,1045.260293073478
11.0,19.0,1246.7292172477096
11.0,20.0,675.761638151658
11.0,21.0,252.60206257033596
11.0,22.0,438.7370310080348
11.0,23.0,401.4447754947463
11.0,24.0,308.47691632707256
11.0,25.0,679.3799322343064
11.0,26.0,524.5472465443198
11.0,27.0,923.0064751777713
11.0,28.0,891.1952984054775
11.0,29.0,2018.7776123103554
11.0,30.0,409.70996653190963
11.0,31.0,2358.882371560893
11.0,32.0,2546.738609821519
11.0,33.0,460.1633421324825
11.0,34.0,753.753773261887
11.0,35.0,518.0043113672536
11.0,36.0,719.9111921805908
11.0,37.0,777.3370234806929
11.0,38.0,1359.261834367662
11.0,39.0,1251.6245558793028
11.0,40.0,956.1401485904981
11.0,41.0,820.7454882896686
11.0,42.0,645.778714520146
11.0,43.0,1251.4083881136905
11.0,44.0,466.0511174851162
11.0,45.0,453.65233607470986
11.0,46.0,1858.0565518244857
11.0,47.0,508.6183513729896
11.0,48.0,639.0419619891728
11.0,49.0,1155.6021992030442
11.0,50.0,309.25163434521045
11.0,51.0,570.5785212010741
12.0,13.0,854.6581548165664
12.0,14.0,702.7763706059367
12.0,15.0,1052.1753627844066
12.0,16.0,823.7438237824663
12.0,17.0,1015.4588625891346
12.0,18.0,1334.242447407288
12.0,19.0,1854.1319394373113
12.0,20.0,1012.2968859716073
12.0,21.0,400.1022608376775
12.0,22.0,209.30073744889916
12.0,23.0,977.9538467123069
12.0,24.0,786.5056459003421
12.0,25.0,1087.9870007980637
12.0,26.0,388.79296605442744
12.0,27.0,382.6550100593991
12.0,28.0,1270.239297218509
12.0,29.0,2073.849403785367
12.0,30.0,215.0150890620275
12.0,31.0,2954.787025106984
12.0,32.0,3136.2289898113413
12.0,33.0,859.3085035258342
12.0,34.0,158.18476822397483
12.0,35.0,292.3796481560545
12.0,36.0,926.27710359872
12.0,37.0,364.8941836171501
12.0,38.0,1146.6154594710035
12.0,39.0,1466.059526028673
12.0,40.0,493.6473146895982
12.0,41.0,1082.1403480222436
12.0,42.0,553.6306442443988
12.0,43.0,897.1598150920595
12.0,44.0,727.3805057203099
12.0,45.0,500.1558254095806
12.0,46.0,2231.129677595438
12.0,47.0,419.7792393672936
12.0,48.0,874.7112581674407
12.0,49.0,886.8484152021149
12.0,50.0,916.7189159345945
12.0,51.0,657.5470429110222
13.0,14.0,183.1096749701967
13.0,15.0,1617.9989042238599
13.0,16.0,801.0962657769438
13.0,17.0,281.6497341011991
13.0,18.0,1936.0712631085883
13.0,19.0,1942.153886756807
13.0,20.0,545.4442913303067
13.0,21.0,927.8801159902569
13.0,22.0,907.2592700821937
13.0,23.0,919.8624534024898
13.0,24.0,1207.8936214546668
13.0,25.0,674.9767902538912
13.0,26.0,1146.033071174405
13.0,27.0,736.5342622307355
13.0,28.0,1790.8595907895703
13.0,29.0,2843.700699173805
13.0,30.0,783.9043031774079
13.0,31.0,3041.447227900846
13.0,32.0,3243.801642019223
13.0,33.0,614.3156978665469
13.0,34.0,815.7237468178232
13.0,35.0,581.5442171770663
13.0,36.0,352.0015896499656
13.0,37.0,558.1894493164621
13.0,38.0,487.23604666636476
13.0,39.0,2127.7945349968245
13.0,40.0,610.68451111748
13.0,41.0,464.78858460477693
13.0,42.0,311.838876980055
13.0,43.0,550.2846850057638
13.0,44.0,475.55757126468615
13.0,45.0,467.8624907942052
13.0,46.0,2755.4535450149137
13.0,47.0,476.58401302560964
13.0,48.0,1498.8146283008255
13.0,49.0,383.11565010247483
13.0,50.0,1139.0482182394285
13.0,51.0,1351.4858924841576
14.0,15.0,1435.8419115105294
14.0,16.0,647.4613868716428
14.0,17.0,447.29834410286315
14.0,18.0,1753.7340408731066
14.0,19.0,1807.813428007983
14.0,20.0,479.0515764884448
14.0,21.0,745.5835385340092
14.0,22.0,734.2765797874912
14.0,23.0,780.1069914790085
14.0,24.0,1028.126128583918
14.0,25.0,603.127668728239
14.0,26.0,970.7302754191618
14.0,27.0,654.6948439340501
14.0,28.0,1610.9987909770996
14.0,29.0,2662.819062098962
14.0,30.0,610.1034668306108
14.0,31.0,2916.5737202303826
14.0,32.0,3116.632058676123
14.0,33.0,485.98752892225286
14.0,34.0,687.8336225723243
14.0,35.0,417.22222111594937
14.0,36.0,304.88864320276315
14.0,37.0,456.6418507104281
14.0,38.0,645.790499361068
14.0,39.0,1944.7103853084088
14.0,40.0,558.2523988624431
14.0,41.0,456.67530347471086
14.0,42.0,149.3890284044743
14.0,43.0,626.8417128868876
14.0,44.0,325.2455633240688
14.0,45.0,284.83237335713693
14.0,46.0,2578.4902266041527
14.0,47.0,302.0880327968319
14.0,48.0,1315.705030105216
14.0,49.0,483.490192472825
14.0,50.0,971.777982669318
14.0,51.0,1170.0632350635894
15.0,16.0,941.2537673439873
15.0,17.0,1873.786876820914
15.0,18.0,318.442804230422
15.0,19.0,1126.4468893675662
15.0,20.0,1369.8181645682193
15.0,21.0,724.634138373811
15.0,22.0,855.3802368180868
15.0,23.0,953.9295051553038
15.0,24.0,425.16265008839844
15.0,25.0,1338.0058838284165
15.0,26.0,683.5471456958392
15.0,27.0,1433.7497827656068
15.0,28.0,222.90500077977188
15.0,29.0,1334.931262307219
15.0,30.0,934.9392897769847
15.0,31.0,2086.4571607968373
15.0,32.0,2240.7026228971117
15.0,33.0,1156.8541315036443
15.0,34.0,1209.5395252064009
15.0,35.0,1133.5674301773513
15.0,36.0,1442.24202731157
15.0,37.0,1362.7778027302002
15.0,38.0,2056.0478478858377
15.0,39.0,531.034414361945
15.0,40.0,1525.9884310228977
15.0,41.0,1527.481641943991
15.0,42.0,1338.4992066569469
15.0,43.0,1892.740638147221
15.0,44.0,1192.1954261869714
15.0,45.0,1154.7907317608513
15.0,46.0,1183.5333042362365
15.0,47.0,1179.2736489050717
15.0,48.0,192.33319123819604
15.0,49.0,1828.8986625186844
15.0,50.0,618.1600711753248
15.0,51.0,422.8455135594884
16.0,17.0,1082.4494802603508
16.0,18.0,1249.2797751975968
16.0,19.0,1169.187712676917
16.0,20.0,429.2542354188026
16.0,21.0,520.4974237205623
16.0,22.0,679.4157651179918
16.0,23.0,160.43211049541398
16.0,24.0,521.5830826703803
16.0,25.0,404.75035846865387
16.0,26.0,805.1158460871882
16.0,27.0,1050.5589095759935
16.0,28.0,1065.5179538419316
16.0,29.0,2265.250965052227
16.0,30.0,610.7932007144561
16.0,31.0,2284.8106402248686
16.0,32.0,2481.734720905353
16.0,33.0,222.1670254615751
16.0,34.0,928.6128136571363
16.0,35.0,628.1130799143926
16.0,36.0,530.2234557578053
16.0,37.0,869.7411472723157
16.0,38.0,1286.7695580304448
16.0,39.0,1472.2018598046945
16.0,40.0,1041.637166144194
16.0,41.0,590.355653351725
16.0,42.0,633.3986042744517
16.0,43.0,1254.4216623153263
16.0,44.0,325.83782687596226
16.0,45.0,463.6073319295777
16.0,46.0,1991.5600551514747
16.0,47.0,558.2557452388314
16.0,48.0,890.5731395929632
16.0,49.0,1126.7653375935054
16.0,50.0,358.32544884416103
16.0,51.0,852.3066430401872
17.0,18.0,2190.2552873176637
17.0,19.0,2220.9886548668205
17.0,20.0,806.321404066305
17.0,21.0,1164.9652455317782
17.0,22.0,1111.2847157179617
17.0,23.0,1200.947514903513
17.0,24.0,1472.577687107386
17.0,25.0,934.2900011431761
17.0,26.0,1351.8054148576575
17.0,27.0,792.4781979727796
17.0,28.0,2054.682069970415
17.0,29.0,3062.0873011246845
17.0,30.0,993.5605792265316
17.0,31.0,3316.0040117973026
17.0,32.0,3519.230503866743
17.0,33.0,894.613745758352
17.0,34.0,936.9453222161277
17.0,35.0,780.6798541101755
17.0,36.0,615.4261236003641
17.0,37.0,666.0839289559681
17.0,38.0,206.3611412995887
17.0,39.0,2372.856079603956
17.0,40.0,639.7493260444995
17.0,41.0,695.9407375612976
17.0,42.0,536.9033621026443
17.0,43.0,386.944624894603
17.0,44.0,756.6969936789656
17.0,45.0,719.5714764001981
17.0,46.0,3024.7452454413187
17.0,47.0,701.6458058634729
17.0,48.0,1743.3619247124936
17.0,49.0,223.74834150044333
17.0,50.0,1417.1209784696703
17.0,51.0,1579.0032014307296
18.0,19.0,1196.1113840076937
18.0,20.0,1678.5280691311075
18.0,21.0,1034.1245746398474
18.0,22.0,1147.9947979036688
18.0,23.0,1246.7265874290006
18.0,24.0,740.756417482779
18.0,25.0,1639.1617431894174
18.0,26.0,950.3239764052587
18.0,27.0,1716.6933822661756
18.0,28.0,223.64157581763425
18.0,29.0,1065.5980996352898
18.0,30.0,1237.4818859570196
18.0,31.0,2018.1033314539025
18.0,32.0,2150.461526215627
18.0,33.0,1467.8219718172659
18.0,34.0,1488.5646711361628
18.0,35.0,1441.526952390621
18.0,36.0,1757.8612682814971
18.0,37.0,1661.8573891236206
18.0,38.0,2370.521653340951
18.0,39.0,240.40643966539488
18.0,40.0,1819.2338777463478
18.0,41.0,1838.4663513882697
18.0,42.0,1654.17377359549
18.0,43.0,2196.7731655262437
18.0,44.0,1509.3858975100147
18.0,45.0,1471.9625445585723
18.0,46.0,902.2473390953422
18.0,47.0,1493.3089816953666
18.0,48.0,462.3877368244749
18.0,49.0,2139.620048165052
18.0,50.0,910.5260353556297
18.0,51.0,678.8740764167974
19.0,20.0,1435.3989075060072
19.0,21.0,1455.7483903727286
19.0,22.0,1652.887449837183
19.0,23.0,1027.72828919731
19.0,24.0,1096.4697681003472
19.0,25.0,1320.0464003688678
19.0,26.0,1618.2491548026017
19.0,27.0,2168.754063137064
19.0,28.0,998.644507967689
19.0,29.0,2167.6077613868974
19.0,30.0,1652.3142169633177
19.0,31.0,1117.9104030117117
19.0,32.0,1312.809084292289
19.0,33.0,1328.3285629725697
19.0,34.0,1996.786292178487
19.0,35.0,1754.364306135358
19.0,36.0,1613.5288234878738
19.0,37.0,2011.5128352386296
19.0,38.0,2427.318613392677
19.0,39.0,1403.6395671301964
19.0,40.0,2189.2521867917762
19.0,41.0,1584.7185816902586
19.0,42.0,1802.4396343319765
19.0,43.0,2423.298810709309
19.0,44.0,1482.7132684419316
19.0,45.0,1626.5757108961716
19.0,46.0,1337.8779105664098
19.0,47.0,1712.7964372305003
19.0,48.0,1274.2398154158261
19.0,49.0,2290.9787497724333
19.0,50.0,939.6761280933761
19.0,51.0,1448.3869468843427
20.0,21.0,848.1004019093791
20.0,22.0,943.9992271962462
20.0,23.0,469.2479403688086
20.0,24.0,947.6078980027104
20.0,25.0,129.53539726304442
20.0,26.0,1133.288226456031
20.0,27.0,1093.7460545554814
20.0,28.0,1492.6918793486298
20.0,29.0,2688.3235990816743
20.0,30.0,835.8691996848428
20.0,31.0,2514.886205353954
20.0,32.0,2719.4687015677528
20.0,33.0,216.2781757539807
20.0,34.0,1059.5354532981626
20.0,35.0,734.7648025138939
20.0,36.0,193.48742153140375
20.0,37.0,890.1668312547058
20.0,38.0,1009.3997769526754
20.0,39.0,1900.8523359095375
20.0,40.0,1022.9498919965318
20.0,41.0,166.36222647293175
20.0,42.0,567.6849644153394
20.0,43.0,1087.270877040996
20.0,44.0,285.46539254465995
20.0,45.0,516.8324085308559
20.0,46.0,2401.3693720372644
20.0,47.0,613.0715003564698
20.0,48.0,1309.1816534177458
20.0,49.0,926.2788419068015
20.0,50.0,779.5128170612583
20.0,51.0,1241.1581908543778
21.0,22.0,197.78590974815518
21.0,23.0,650.9213565192222
21.0,24.0,392.7193289057892
21.0,25.0,880.1533815631582
21.0,26.0,289.31337041176226
21.0,27.0,750.1057919279739
21.0,28.0,926.9647531431199
21.0,29.0,1918.870580456132
21.0,30.0,220.84932851596773
21.0,31.0,2554.6852759189173
21.0,32.0,2736.4076876943113
21.0,33.0,645.5101827800424
21.0,34.0,550.0210330610591
21.0,35.0,408.9702645592817
21.0,36.0,840.8517329622031
21.0,37.0,646.4222905573808
21.0,38.0,1338.78936517253
21.0,39.0,1208.178676815992
21.0,40.0,817.634312397559
21.0,41.0,969.834233963751
21.0,42.0,628.7206394039778
21.0,43.0,1169.104181205122
21.0,44.0,587.2756782197438
21.0,45.0,461.79704666946606
21.0,46.0,1904.032892439102
21.0,47.0,463.4273485750483
21.0,48.0,579.383203646025
21.0,49.0,1105.5261222709978
21.0,50.0,522.7681792296615
21.0,51.0,426.1917361309532
22.0,23.0,823.2896061951393
22.0,24.0,577.6381741902409
22.0,25.0,998.2083778657204
22.0,26.0,240.7595524274999
22.0,27.0,581.2000023161452
22.0,28.0,1070.1009660420953
22.0,29.0,1950.994230441782
22.0,30.0,124.29874704510243
22.0,31.0,2749.0743826219023
22.0,32.0,2929.2893644251444
22.0,33.0,761.7568126802606
22.0,34.0,365.63955515977375
22.0,35.0,331.16311880160214
22.0,36.0,897.1207187411527
22.0,37.0,515.6180019915523
22.0,38.0,1265.9764974456962
22.0,39.0,1296.137599637408
22.0,40.0,671.7481164197357
22.0,41.0,1042.2768106281237
22.0,42.0,595.5086896019518
22.0,43.0,1054.1815543580408
22.0,44.0,663.1229880024026
22.0,45.0,474.62114115496973
22.0,46.0,2038.2132709730195
22.0,47.0,432.2590987283584
22.0,48.0,685.6702982981964
22.0,49.0,1016.6030101854111
22.0,50.0,720.426102142547
22.0,51.0,483.65100797823374
23.0,24.0,559.54568237392
23.0,25.0,399.58513334669675
23.0,26.0,925.4159146089116
23.0,27.0,1210.937623999448
23.0,28.0,1047.0214731044455
23.0,29.0,2288.608021157306
23.0,30.0,763.6133141507047
23.0,31.0,2138.9132544381046
23.0,32.0,2337.7603167318302
23.0,33.0,307.49383117144333
23.0,34.0,1087.0800841928915
23.0,35.0,788.5449638663791
23.0,36.0,613.6197222984013
23.0,37.0,1029.1012695953193
23.0,38.0,1407.0056552496526
23.0,39.0,1478.7127749965114
23.0,40.0,1199.8768691536222
23.0,41.0,635.4488094130718
23.0,42.0,782.0299034944366
23.0,43.0,1398.0245988116742
23.0,44.0,454.98957044149887
23.0,45.0,619.8914234294257
23.0,46.0,1933.700989052801
23.0,47.0,716.6919110559405
23.0,48.0,935.3486188087511
23.0,49.0,1263.2686995451386
23.0,50.0,336.81278633950524
23.0,51.0,934.6582122494203
24.0,25.0,924.079047099436
24.0,26.0,523.3598079776169
24.0,27.0,1142.7040825700637
24.0,28.0,582.9771716941317
24.0,29.0,1743.797805259714
24.0,30.0,611.9891326347738
24.0,31.0,2176.4484442925873
24.0,32.0,2353.9800446139748
24.0,33.0,733.2442193634328
24.0,34.0,940.3328379461639
24.0,35.0,778.0933617248193
24.0,36.0,1017.3462445476382
24.0,37.0,1029.3703564582268
24.0,38.0,1662.4845366303227
24.0,39.0,955.089809258129
24.0,40.0,1204.4008333695567
24.0,41.0,1103.4241484390818
24.0,42.0,945.1504794534335
24.0,43.0,1534.002668077624
24.0,44.0,768.9941887487142
24.0,45.0,755.0044138749311
24.0,46.0,1553.561289232425
24.0,47.0,796.6180518975877
24.0,48.0,375.955596877053
24.0,49.0,1450.197137634805
24.0,50.0,253.79257942354866
24.0,51.0,411.16549126445835
25.0,26.0,1169.191190175291
25.0,27.0,1200.1035254273552
25.0,28.0,1444.185020992756
25.0,29.0,2667.4851150389186
25.0,30.0,898.6443034712395
25.0,31.0,2391.3739990559943
25.0,32.0,2596.5328165442475
25.0,33.0,236.87211053163523
25.0,34.0,1148.9875032573946
25.0,35.0,822.3840955253005
25.0,36.0,322.9991256579084
25.0,37.0,997.5170311782695
25.0,38.0,1136.4501641278318
25.0,39.0,1867.364410950041
25.0,40.0,1137.8798015451848
25.0,41.0,264.8060270661011
25.0,42.0,680.972599673228
25.0,43.0,1216.0087014638589
25.0,44.0,367.4873353582823
25.0,45.0,605.6285804732139
25.0,46.0,2328.9785476671177
25.0,47.0,706.7445191042852
25.0,48.0,1295.153595596189
25.0,49.0,1055.6647442934218
25.0,50.0,729.7905808290319
25.0,51.0,1249.9477782244069
26.0,27.0,768.6427241624916
26.0,28.0,905.861226798593
26.0,29.0,1710.954103972567
26.0,30.0,362.31138565107005
26.0,31.0,2683.132562451768
26.0,32.0,2854.1884785626303
26.0,33.0,933.953799461798
26.0,34.0,539.4107393008505
26.0,35.0,571.9226556711177
26.0,36.0,1110.8354445870127
26.0,37.0,740.18482741694
26.0,38.0,1504.0076319621116
26.0,39.0,1077.2946459304144
26.0,40.0,881.6398296455764
26.0,41.0,1247.7263278472394
26.0,42.0,834.7196924749386
26.0,43.0,1279.0190759937482
26.0,44.0,864.0547354985823
26.0,45.0,701.5733811263461
26.0,46.0,1850.8341405512626
26.0,47.0,669.7240273348042
26.0,48.0,497.2292034554338
26.0,49.0,1251.7634255398602
26.0,50.0,734.0171199174605
26.0,51.0,271.45330711455927
27.0,28.0,1650.496588277495
27.0,29.0,2416.2545852587655
27.0,30.0,531.4614186562244
27.0,31.0,3281.8797355938987
27.0,32.0,3469.1523897221514
27.0,33.0,1006.5983510215841
27.0,34.0,229.62956804347976
27.0,35.0,423.12877087589544
27.0,36.0,949.062456457928
27.0,37.0,203.69676563732042
27.0,38.0,869.4914578593517
27.0,39.0,1843.755070709746
27.0,40.0,157.0713347137566
27.0,41.0,1106.7589572601146
27.0,42.0,529.9603673199063
27.0,43.0,563.9947497613817
27.0,44.0,839.6545475135721
27.0,45.0,609.6038798480485
27.0,46.0,2613.7201724411757
27.0,47.0,505.7454350322631
27.0,48.0,1257.351710106946
27.0,49.0,608.066655062409
27.0,50.0,1232.047321074022
27.0,51.0,1039.1090152937757
28.0,29.0,1287.5023162093848
28.0,30.0,1142.7058723790549
28.0,31.0,1893.9468436045229
28.0,32.0,2040.8333851130424
28.0,33.0,1287.010020637361
28.0,34.0,1428.086234093215
28.0,35.0,1334.5901828653987
28.0,36.0,1586.302486014856
28.0,37.0,1571.2453491397412
28.0,38.0,2242.5457071742335
28.0,39.0,462.991315511376
28.0,40.0,1737.7829977980184
28.0,41.0,1655.651975118649
28.0,42.0,1524.0838655033726
28.0,43.0,2095.4881678614283
28.0,44.0,1345.4896379776333
28.0,45.0,1335.7886463672708
28.0,46.0,977.8814853451368
28.0,47.0,1370.0290823257762
28.0,48.0,414.3767158628387
28.0,49.0,2023.3858203158336
28.0,50.0,715.0270771359187
28.0,51.0,645.5138319211262
29.0,30.0,2068.920465637884
29.0,31.0,2695.0923548644087
29.0,32.0,2762.840925689533
29.0,33.0,2472.3644592320084
29.0,34.0,2197.252040061861
29.0,35.0,2281.4251455294107
29.0,36.0,2735.2330408834996
29.0,37.0,2438.392852857919
29.0,38.0,3213.7257077397267
29.0,39.0,825.1923326962738
29.0,40.0,2555.4655781961583
29.0,41.0,2838.874178993315
29.0,42.0,2536.758634821855
29.0,43.0,2967.5251150909426
29.0,44.0,2477.9989646101876
29.0,45.0,2380.419913468223
29.0,46.0,1121.8087386614693
29.0,47.0,2369.535988663372
29.0,48.0,1380.1106136293588
29.0,49.0,2958.200075301221
29.0,50.0,1953.0873254390758
29.0,51.0,1493.0017964935369
30.0,31.0,2759.406023771722
30.0,32.0,2943.9799605783387
30.0,33.0,664.5075006933739
30.0,34.0,344.69684643170564
30.0,35.0,213.42705586297632
30.0,36.0,778.3400698232924
30.0,37.0,428.5507590602197
30.0,38.0,1153.7881899346728
30.0,39.0,1397.214775182957
30.0,40.0,597.3743723018199
30.0,41.0,926.3451221737924
30.0,42.0,472.42756253308613
30.0,43.0,959.3304539126966
30.0,44.0,551.8282557587527
30.0,45.0,352.4051946883002
30.0,46.0,2117.71865831451
30.0,47.0,308.20130212326245
30.0,48.0,776.4043942220562
30.0,49.0,909.4266157292174
30.0,50.0,712.6826713116778
30.0,51.0,589.4823899454123
31.0,32.0,208.16350600944594
31.0,33.0,2432.3583939097743
31.0,34.0,3102.1693918862707
31.0,35.0,2870.5994228102104
31.0,36.0,2701.683832202169
31.0,37.0,3128.455143673215
31.0,38.0,3521.372233643718
31.0,39.0,2143.8274155515346
31.0,40.0,3306.4963708438786
31.0,41.0,2650.6945246144
31.0,42.0,2918.1374681347716
31.0,43.0,3536.9077948316776
31.0,44.0,2592.7848343881387
31.0,45.0,2744.0897117917234
31.0,46.0,1589.6667300845352
31.0,47.0,2830.706805023116
31.0,48.0,2266.7419557102667
31.0,49.0,3399.9733309804606
31.0,50.0,2049.8798965885558
31.0,51.0,2475.006823955919
32.0,33.0,2633.353854341859
32.0,34.0,3285.3854747968426
32.0,35.0,3060.7895016128223
32.0,36.0,2905.492701882047
32.0,37.0,3319.3164205466824
32.0,38.0,3724.8381879969475
32.0,39.0,2259.8395153343517
32.0,40.0,3497.7259569938337
32.0,41.0,2856.5123767329646
32.0,42.0,3115.10097480937
32.0,43.0,3735.2189340559817
32.0,44.0,2792.280101961282
32.0,45.0,2939.1434899609644
32.0,46.0,1644.3000696916529
32.0,47.0,3024.2369810294776
32.0,48.0,2424.7454765930925
32.0,49.0,3600.121556935136
32.0,50.0,2237.487097134943
32.0,51.0,2638.164055128895
33.0,34.0,931.4976725937349
33.0,35.0,606.8095705000652
33.0,36.0,312.0641323523466
33.0,37.0,809.0100174284884
33.0,38.0,1100.8840203238485
33.0,39.0,1687.7372311373585
33.0,40.0,965.042121627823
33.0,41.0,370.73585379938856
33.0,42.0,517.3215549986076
33.0,43.0,1111.9329859816598
33.0,44.0,173.92255086759982
33.0,45.0,397.8381192863414
33.0,46.0,2212.0301049979935
33.0,47.0,501.87713140860666
33.0,48.0,1092.9814454027073
33.0,49.0,968.2927463853005
33.0,50.0,579.9932376618814
33.0,51.0,1027.786487094021
34.0,35.0,326.6059163665458
34.0,36.0,947.486918115681
34.0,37.0,271.0499934982695
34.0,38.0,1046.981173929813
34.0,39.0,1614.1345095031602
34.0,40.0,358.217293397327
34.0,41.0,1106.8624600605788
34.0,42.0,541.395633306688
34.0,43.0,771.1652690035633
34.0,44.0,781.7027625984978
34.0,45.0,544.0329249690323
34.0,46.0,2387.0008356972007
34.0,47.0,446.72598090311106
34.0,48.0,1030.5680265118615
34.0,49.0,783.5008287660296
34.0,50.0,1057.2659464836174
34.0,51.0,810.3114546298406
35.0,36.0,635.6916283664558
35.0,37.0,259.39742988026234
35.0,38.0,940.8030680383731
35.0,39.0,1607.4730804024455
35.0,40.0,438.24351398627863
35.0,41.0,792.9592591114582
35.0,42.0,271.0402881388639
35.0,43.0,760.9187002947912
35.0,44.0,455.1703615337897
35.0,45.0,218.06181912119703
35.0,46.0,2312.2396743410245
35.0,47.0,127.80108456547129
35.0,48.0,982.9868125127097
35.0,49.0,699.3400288123863
35.0,50.0,825.4984193732212
35.0,51.0,802.3515775916816
36.0,37.0,746.5472894644287
36.0,38.0,819.9263773170622
36.0,39.0,1970.1672502707245
36.0,40.0,861.880505556411
36.0,41.0,159.71692238578342
36.0,42.0,420.0092260139107
36.0,43.0,896.1545554958568
36.0,44.0,257.6411222205817
36.0,45.0,429.7183846435547
36.0,46.0,2521.7363993893496
36.0,47.0,508.01126460349354
36.0,48.0,1357.7065011538505
36.0,49.0,733.4972556442017
36.0,50.0,888.1634990516376
36.0,51.0,1257.830629198084
37.0,38.0,783.7704197401463
37.0,39.0,1811.1767231856297
37.0,40.0,178.8484936003672
37.0,41.0,904.8627985610892
37.0,42.0,326.7934520499141
37.0,43.0,539.4073328029135
37.0,44.0,639.6670434242976
37.0,45.0,415.5044723815249
37.0,46.0,2545.989821364833
37.0,47.0,313.68537183407875
37.0,48.0,1199.5733954008
37.0,49.0,522.5042767167514
37.0,50.0,1084.8437015974403
37.0,51.0,998.2937150553543
38.0,39.0,2545.9024367908714
38.0,40.0,712.4578722435352
38.0,41.0,891.673433250528
38.0,42.0,718.5648461393532
38.0,43.0,348.58528189083063
38.0,44.0,960.9380847562401
38.0,45.0,907.4805496099973
38.0,46.0,3216.0124961917563
38.0,47.0,877.213797310534
38.0,48.0,1918.1094060968255
38.0,49.0,263.7790985373467
38.0,50.0,1617.556231335431
38.0,51.0,1743.135843224904
39.0,40.0,1958.6545864628074
39.0,41.0,2058.266680737094
39.0,42.0,1836.0988369320526
39.0,43.0,2350.2527328691403
39.0,44.0,1717.675315987778
39.0,45.0,1660.387136199687
39.0,46.0,846.6243477593716
39.0,47.0,1671.5712575395412
39.0,48.0,629.6967888162645
39.0,49.0,2306.3924209633415
39.0,50.0,1141.9055951993535
39.0,51.0,812.8911684572432
40.0,41.0,1014.8764112268705
40.0,42.0,456.9330361715931
40.0,43.0,414.18429293371804
40.0,44.0,792.2888507661049
40.0,45.0,581.1382498244287
40.0,46.0,2709.403043879842
40.0,47.0,483.38250358315105
40.0,48.0,1357.1415609847625
40.0,49.0,451.0814279737562
40.0,50.0,1263.6833331140242
40.0,51.0,1147.5265374681837
41.0,42.0,578.8518307756307
41.0,43.0,1014.8580663340172
41.0,44.0,383.7166134623708
41.0,45.0,582.9978161486664
41.0,46.0,2567.6926780065246
41.0,47.0,665.6224773751223
41.0,48.0,1458.763924739761
41.0,49.0,845.6182659381118
41.0,50.0,943.991338607877
41.0,51.0,1376.933967057152
42.0,43.0,623.2272777760105
42.0,44.0,343.47582610746167
42.0,45.0,192.34387096373206
42.0,46.0,2498.5364408788187
42.0,47.0,167.29589753174955
42.0,48.0,1206.520821671622
42.0,49.0,511.1604922490829
42.0,50.0,923.5588285432747
42.0,51.0,1047.0863669803093
43.0,44.0,945.5039419177484
43.0,45.0,809.2546803636814
43.0,46.0,3073.0276349311207
43.0,47.0,742.7954779518124
43.0,48.0,1735.2501637653404
43.0,49.0,174.1357805262799
43.0,50.0,1542.185997549228
43.0,51.0,1537.4584720855844
44.0,45.0,238.1532434150065
44.0,46.0,2295.770550601666
44.0,47.0,339.9536715972964
44.0,48.0,1101.5688711489076
44.0,49.0,808.28158306097
44.0,50.0,667.7327843750752
44.0,51.0,1000.8241481330314
45.0,46.0,2308.5408232426357
45.0,47.0,104.06701649750028
45.0,48.0,1031.1188439636983
45.0,49.0,703.2776499339332
45.0,50.0,733.4670359304553
45.0,51.0,887.4329781175198
46.0,47.0,2346.8081067123417
46.0,48.0,1356.4822159044832
46.0,49.0,3000.600837946567
46.0,50.0,1633.6777137342365
46.0,51.0,1579.7236709810986
47.0,48.0,1042.4258595869824
47.0,49.0,653.9839563520281
47.0,50.0,803.7630683942991
47.0,51.0,879.8959555518676
48.0,49.0,1682.2209290673097
48.0,50.0,616.8175670855443
48.0,51.0,231.43101689955324
49.0,50.0,1433.6820199826002
49.0,51.0,1498.0145426341612
50.0,51.0,662.5197637212763
